CD_ESTADO,receita,qtd_vendida,qtd_lojas
PB,188097794.4503643,615587.93,2
PE,164971742.04802522,2117162.67,5
BA,83666052.64402044,1264628.52,2
SE,23529731.77156029,347034.95,1
RN,22250427.201873105,297469.54,1
